{"cameraMode":{"drawMode":0,"name":"Shaded","section":"Shading Mode"},"sceneLighting":true,"audioPlay":false,"sceneViewState":{"m_AlwaysRefresh":false,"showFog":true,"showSkybox":true,"showFlares":true,"showImageEffects":true,"showParticleSystems":true,"showVisualEffectGraphs":true,"m_FxEnabled":true},"in2DMode":false,"pivot":{"x":8.989999771118164,"y":-0.9200000166893005,"z":3.8199996948242189},"rotation":{"x":0.19831494987010957,"y":-0.3643457293510437,"z":0.07971755415201187,"w":0.9064104557037354},"size":6.717269420623779,"orthographic":true}