{"cameraMode":{"drawMode":0,"name":"Shaded","section":"Shading Mode"},"sceneLighting":true,"audioPlay":false,"sceneViewState":{"m_AlwaysRefresh":false,"showFog":true,"showSkybox":true,"showFlares":true,"showImageEffects":true,"showParticleSystems":true,"showVisualEffectGraphs":true,"m_FxEnabled":true},"in2DMode":false,"pivot":{"x":4.129000186920166,"y":0.4150000810623169,"z":-8.683568954467774},"rotation":{"x":0.14847518503665925,"y":-0.44743624329566958,"z":0.07560861855745316,"w":0.8786624073982239},"size":4.795134544372559,"orthographic":true}