{"cameraMode":{"drawMode":0,"name":"Shaded","section":"Shading Mode"},"sceneLighting":true,"audioPlay":false,"sceneViewState":{"m_AlwaysRefresh":false,"showFog":true,"showSkybox":true,"showFlares":true,"showImageEffects":true,"showParticleSystems":true,"showVisualEffectGraphs":true,"m_FxEnabled":true},"in2DMode":false,"pivot":{"x":4.828327178955078,"y":0.8176801204681397,"z":-6.396280765533447},"rotation":{"x":0.14847518503665925,"y":-0.44743624329566958,"z":0.07560861855745316,"w":0.8786624073982239},"size":4.711421012878418,"orthographic":true}